name,crop,soil,shape,area_ha,radius_m,wkt,variete,annee,nb_pieds,densite_pl_ha,ecart_inter_m,ecart_rang_m,date_plantation,surface_cadastre_ha,designation
Bloc A,olivier,,polygon,85.70,,"POLYGON((10.005970 36.447765, 10.006313 36.448421, 10.006442 36.449525, 10.007172 36.450181, 10.007901 36.451665, 10.008416 36.452874, 10.008674 36.453529, 10.008159 36.453909, 10.008674 36.454876, 10.009060 36.455428, 10.010047 36.456843, 10.009961 36.457706, 10.010047 36.458638, 10.010176 36.459639, 10.010390 36.459881, 10.005755 36.461986, 9.995413 36.455652, 9.998331 36.453391, 9.999404 36.454013, 9.999586 36.453853, 9.999726 36.453849, 9.999763 36.453952, 9.999844 36.454030, 9.999930 36.454000, 10.000010 36.454000, 10.000075 36.453978, 10.000144 36.453948, 10.000209 36.453944, 10.000273 36.453909, 10.000311 36.453827, 10.000343 36.453741, 10.000343 36.453676, 10.000423 36.453568, 10.000756 36.453266, 10.000852 36.453249, 10.000970 36.453327, 10.001078 36.453422, 10.001206 36.453327, 10.001180 36.453253, 10.001104 36.453184, 10.001019 36.453081, 10.001008 36.453029, 10.001255 36.452895, 10.001308 36.452891, 10.001861 36.452451, 10.001898 36.452403, 10.000729 36.450880, 10.005970 36.447765))",Arbequina,2010,142792,1666,4.0,1.5,2010-07-01,94.00,Bloc A-Olivier-Arbequina-2010
Bloc B,olivier,,polygon,80.00,,"POLYGON((9.997580 36.452770, 9.990757 36.456722, 9.987903 36.458103, 9.987602 36.458500, 9.987667 36.458742, 9.987688 36.458914, 9.987452 36.459173, 9.987173 36.459311, 9.987001 36.459311, 9.986658 36.459242, 9.986379 36.459190, 9.985971 36.459156, 9.985220 36.459518, 9.985478 36.459363, 9.985478 36.459742, 9.985907 36.460105, 9.985821 36.460347, 9.985886 36.460623, 9.985929 36.460985, 9.985735 36.461434, 9.985628 36.461624, 9.985542 36.461796, 9.985371 36.462107, 9.985521 36.462555, 9.985693 36.462918, 9.985993 36.463004, 9.986186 36.463004, 9.986444 36.463004, 9.986916 36.462797, 9.987280 36.462624, 9.987473 36.462624, 9.987624 36.462555, 9.987752 36.462538, 9.987881 36.462452, 9.987988 36.462400, 9.988074 36.462348, 9.988096 36.462193, 9.988031 36.462090, 9.987967 36.461969, 9.987946 36.461848, 9.987988 36.461865, 9.988182 36.461917, 9.988310 36.461986, 9.988525 36.462072, 9.988675 36.462400, 9.988739 36.462590, 9.988954 36.462452, 9.989319 36.462176, 9.989491 36.462072, 9.989555 36.462435, 9.989662 36.462624, 9.989855 36.462521, 9.990005 36.462331, 9.990005 36.462383, 9.990542 36.461969, 9.990735 36.461865, 9.991271 36.461779, 9.991336 36.461951, 9.991465 36.461917, 9.991615 36.461796, 9.991980 36.461520, 9.992301 36.461123, 9.992366 36.460951, 9.992323 36.460726, 9.992387 36.460433, 9.992366 36.460174, 9.992194 36.459915, 9.992087 36.459691, 9.992023 36.459466, 9.991980 36.459294, 9.992044 36.459190, 9.992216 36.459225, 9.992409 36.459397, 9.992516 36.459656, 9.992688 36.459846, 9.992816 36.460174, 9.992924 36.460381, 9.993010 36.460743, 9.992988 36.461071, 9.993181 36.461158, 9.992194 36.462020, 9.994555 36.464005, 9.994619 36.464022, 10.000348 36.458672, 9.995434 36.455635, 9.998481 36.453460, 9.997580 36.452770))",Arbequina,2010,133363,1667,4.0,1.5,2010-08-17,85.00,Bloc B-Olivier-Arbequina-2010
Bloc C,olivier,,polygon,77.30,,"POLYGON((10.000434 36.458672, 9.994576 36.464022, 9.992194 36.462072, 9.989448 36.464178, 9.989619 36.464506, 9.989812 36.464592, 9.989812 36.464730, 9.989855 36.465092, 9.989898 36.465437, 9.989898 36.465869, 9.989898 36.466093, 9.989834 36.466257, 9.989877 36.466395, 9.989930 36.466438, 9.990038 36.466421, 9.990199 36.466343, 9.990907 36.465826, 9.991035 36.465869, 9.990993 36.466067, 9.990917 36.466214, 9.990810 36.466378, 9.990778 36.466395, 9.990928 36.466568, 9.992419 36.465403, 9.996936 36.469130, 10.006163 36.462555, 10.005863 36.462055, 10.000434 36.458672))",Arbequina,2010,128820,1666,4.0,1.5,2010-08-17,85.00,Bloc C-Olivier-Arbequina-2010
Bloc E1,olivier,,polygon,45.00,,"POLYGON((10.006206 36.462590, 9.998503 36.468026, 10.002558 36.471391, 10.004103 36.470166, 10.004532 36.470442, 10.009081 36.466852, 10.009071 36.466783, 10.008384 36.465696, 10.007043 36.463755, 10.006528 36.462961, 10.006324 36.462694, 10.006281 36.462642, 10.006206 36.462616, 10.006206 36.462590))",Arbequina,2010,75000,1667,4.0,1.5,2010-07-17,48.00,Bloc E1-Olivier-Arbequina-2010
Bloc E2,olivier,,polygon,35.00,,"POLYGON((10.011163 36.465489, 10.004618 36.470528, 10.007923 36.473185, 10.008008 36.473392, 10.008373 36.473617, 10.008523 36.473513, 10.008674 36.473392, 10.008931 36.473254, 10.008931 36.472909, 10.008888 36.472668, 10.008738 36.472374, 10.009017 36.471322, 10.009983 36.472012, 10.009747 36.472391, 10.009682 36.472719, 10.009747 36.473185, 10.009854 36.473444, 10.010111 36.473323, 10.010369 36.472737, 10.010691 36.472443, 10.011141 36.472288, 10.011528 36.472271, 10.011678 36.472409, 10.011849 36.472374, 10.012021 36.472288, 10.012150 36.472012, 10.012236 36.471770, 10.012472 36.471598, 10.012622 36.471667, 10.012815 36.471546, 10.012987 36.471408, 10.013115 36.471270, 10.013309 36.470925, 10.013201 36.470545, 10.013115 36.470304, 10.012987 36.470131, 10.013030 36.469958, 10.013158 36.469700, 10.013158 36.469424, 10.013158 36.469216, 10.012579 36.468958, 10.012171 36.468509, 10.011957 36.468233, 10.011914 36.467888, 10.011978 36.467508, 10.012193 36.467267, 10.012386 36.466887, 10.012515 36.466559, 10.012515 36.466283, 10.012729 36.466024, 10.012729 36.465783, 10.012987 36.465472, 10.013072 36.465230, 10.013180 36.465075, 10.013008 36.464954, 10.013072 36.465040, 10.012987 36.464971, 10.012751 36.464868, 10.012493 36.464851, 10.012150 36.464902, 10.011849 36.465023, 10.011249 36.465317, 10.009832 36.466317, 10.008824 36.467163, 10.008330 36.467525, 10.007794 36.467940, 10.007322 36.468285, 10.004640 36.470493, 10.011163 36.465489))",Arbequina,2010,58310,1666,4.0,1.5,2010-08-17,38.00,Bloc E2-Olivier-Arbequina-2010
Bloc F1,olivier,,polygon,21.00,,"POLYGON((10.010304 36.459872, 10.005841 36.462003, 10.009253 36.466740, 10.011549 36.465075, 10.011592 36.464885, 10.011710 36.464635, 10.011721 36.464531, 10.011549 36.464402, 10.011420 36.464307, 10.011399 36.464255, 10.011420 36.464195, 10.011914 36.463824, 10.011935 36.463729, 10.011914 36.463591, 10.011839 36.463470, 10.011753 36.463401, 10.011388 36.463427, 10.011163 36.463427, 10.011077 36.463392, 10.011055 36.463306, 10.011098 36.463237, 10.011281 36.463116, 10.011388 36.462996, 10.011442 36.462918, 10.011334 36.462780, 10.011238 36.462676, 10.011195 36.462469, 10.011184 36.462322, 10.011120 36.462176, 10.011034 36.462133, 10.010916 36.462133, 10.010680 36.462305, 10.010294 36.462495, 10.009865 36.462607, 10.009650 36.462642, 10.009478 36.462650, 10.009124 36.462504, 10.009178 36.462504, 10.008845 36.462236, 10.008684 36.462107, 10.008438 36.461943, 10.008234 36.461813, 10.008116 36.461727, 10.007987 36.461701, 10.007901 36.461641, 10.008105 36.461477, 10.008341 36.461313, 10.009661 36.462297, 10.009693 36.462305, 10.010970 36.461270, 10.011002 36.461080, 10.010980 36.460916, 10.011002 36.460778, 10.011055 36.460640, 10.011088 36.460528, 10.011077 36.460398, 10.010970 36.460260, 10.010712 36.460088, 10.010476 36.459950, 10.010347 36.459889, 10.010304 36.459872))",Arbosana,2010,35000,1667,0.0,0.0,2010-09-01,23.00,Bloc F1-Olivier-Arbosana-2010
Bloc F2,olivier,,polygon,35.00,,"POLYGON((10.011141 36.459225, 10.014392 36.461900, 10.013427 36.462659, 10.014296 36.463306, 10.021130 36.460027, 10.015841 36.455816, 10.010905 36.457447, 10.011013 36.457741, 10.011152 36.457913, 10.011184 36.458198, 10.011259 36.458396, 10.011141 36.459225))",Arbosana,2010,58300,1666,4.0,1.5,2010-10-17,37.00,Bloc F2-Olivier-Arbosana-2010
Bloc F3,olivier,,polygon,19.30,,"POLYGON((10.021666 36.453961, 10.015841 36.455825, 10.021151 36.460036, 10.021312 36.459820, 10.021398 36.459579, 10.021473 36.459492, 10.021559 36.459320, 10.021709 36.459009, 10.021806 36.458767, 10.022042 36.458224, 10.022085 36.458112, 10.022085 36.457715, 10.022063 36.456869, 10.021945 36.454505, 10.021945 36.454280, 10.021924 36.454155, 10.021881 36.454073, 10.021806 36.454013, 10.021736 36.453978, 10.021666 36.453961))",Arbosana,2014,32200,1668,4.0,1.5,2014-01-17,22.00,Bloc F3-Olivier-Arbosana-2014
Bloc G,olivier,,polygon,73.00,,"POLYGON((10.021076 36.460053, 10.015390 36.462797, 10.014317 36.463349, 10.013459 36.462676, 10.014274 36.461934, 10.014253 36.461882, 10.012064 36.460070, 10.011871 36.460398, 10.011892 36.460743, 10.011742 36.461002, 10.011849 36.461347, 10.011828 36.461675, 10.011828 36.462055, 10.012150 36.461986, 10.012364 36.462003, 10.012279 36.462400, 10.012343 36.462676, 10.012493 36.463004, 10.012708 36.463159, 10.013137 36.463021, 10.012815 36.463073, 10.013351 36.464040, 10.013480 36.464419, 10.013716 36.464678, 10.013995 36.465006, 10.014102 36.465420, 10.013931 36.465817, 10.013652 36.466041, 10.013480 36.466421, 10.013416 36.466818, 10.013373 36.467284, 10.013137 36.467629, 10.012879 36.467853, 10.012794 36.468181, 10.013072 36.468492, 10.013523 36.468716, 10.013888 36.468802, 10.014145 36.468647, 10.014253 36.469009, 10.014274 36.469475, 10.014253 36.469907, 10.014553 36.470183, 10.015004 36.470424, 10.015476 36.470718, 10.015862 36.471253, 10.016377 36.471598, 10.016634 36.471770, 10.016999 36.471770, 10.017407 36.471667, 10.017707 36.471477, 10.017986 36.471270, 10.018051 36.471132, 10.017793 36.470856, 10.017536 36.470718, 10.017149 36.470769, 10.016892 36.470666, 10.016613 36.470476, 10.016613 36.470269, 10.016763 36.469872, 10.016913 36.469665, 10.016892 36.469493, 10.016742 36.469285, 10.016634 36.469061, 10.016677 36.468854, 10.016570 36.468647, 10.016592 36.468492, 10.016484 36.468336, 10.016699 36.468009, 10.016849 36.467732, 10.017042 36.467732, 10.017214 36.467681, 10.017493 36.467405, 10.017750 36.467232, 10.017858 36.467111, 10.018179 36.466490, 10.018501 36.466317, 10.018888 36.465972, 10.018759 36.466119, 10.018995 36.466205, 10.019231 36.466292, 10.019188 36.466542, 10.019156 36.466732, 10.019306 36.466913, 10.019521 36.467059, 10.019671 36.467189, 10.019692 36.467448, 10.019521 36.467603, 10.019392 36.467793, 10.019338 36.467896, 10.019628 36.468034, 10.020057 36.468043, 10.020593 36.468086, 10.021087 36.468121, 10.021398 36.468172, 10.021656 36.468155, 10.021720 36.468060, 10.021752 36.467983, 10.021698 36.467508, 10.021570 36.467284, 10.021420 36.467129, 10.021355 36.467068, 10.021366 36.466973, 10.021452 36.466887, 10.021505 36.466818, 10.021580 36.466723, 10.021634 36.466637, 10.021613 36.466456, 10.021666 36.466361, 10.021741 36.466317, 10.021913 36.466300, 10.022192 36.466266, 10.022396 36.466248, 10.022535 36.466231, 10.022728 36.466223, 10.022868 36.466266, 10.022986 36.466326, 10.023115 36.466421, 10.023297 36.466447, 10.023694 36.466188, 10.023930 36.465981, 10.024080 36.465843, 10.024188 36.465627, 10.024306 36.465394, 10.024370 36.465179, 10.024499 36.464937, 10.024552 36.464747, 10.024520 36.464618, 10.024509 36.464471, 10.024456 36.464333, 10.024370 36.464221, 10.024155 36.464126, 10.023887 36.464031, 10.023651 36.463979, 10.023469 36.463971, 10.023329 36.463910, 10.023286 36.463850, 10.023394 36.463763, 10.023512 36.463686, 10.023651 36.463556, 10.023748 36.463479, 10.023769 36.463358, 10.023769 36.463168, 10.023683 36.462935, 10.023576 36.462719, 10.023458 36.462512, 10.023286 36.462288, 10.023061 36.461995, 10.022954 36.461753, 10.022857 36.461399, 10.022836 36.461063, 10.022814 36.460743, 10.022664 36.460416, 10.022460 36.460114, 10.022299 36.459906, 10.022149 36.459708, 10.022106 36.459579, 10.022235 36.459466, 10.022514 36.459268, 10.022696 36.459156, 10.022852 36.459022, 10.022975 36.458901, 10.023061 36.458819, 10.023104 36.458742, 10.023099 36.458586, 10.023034 36.458327, 10.022997 36.458068, 10.022997 36.457917, 10.022948 36.457620, 10.022814 36.456985, 10.022712 36.456593, 10.022675 36.456541, 10.022621 36.456511, 10.022551 36.456511, 10.022460 36.456532, 10.022380 36.456545, 10.022283 36.456632, 10.022197 36.456692, 10.022133 36.456834, 10.022069 36.457011, 10.022079 36.457270, 10.022085 36.457568, 10.022085 36.458120, 10.021473 36.459479, 10.021387 36.459604, 10.021323 36.459816, 10.021151 36.460036, 10.021076 36.460053))",Koroneiki,2010,91041,1247,4.0,2.0,2010-10-17,88.00,Bloc G-Olivier-Koroneiki-2010
Bloc H1,olivier,,polygon,40.00,,"POLYGON((10.005970 36.444658, 10.005991 36.444778, 10.005991 36.444640, 10.006034 36.444520, 10.006077 36.444433, 10.005884 36.444709, 10.005541 36.445314, 10.005090 36.445762, 10.004575 36.446056, 10.004597 36.446470, 10.004940 36.446798, 10.005326 36.446936, 10.005884 36.447074, 10.006185 36.447160, 10.006335 36.447178, 10.006721 36.447091, 10.006356 36.447557, 10.006485 36.447868, 10.006721 36.448127, 10.006828 36.448576, 10.006764 36.449076, 10.006936 36.449491, 10.007257 36.449663, 10.007558 36.449819, 10.007772 36.449767, 10.007987 36.449611, 10.007923 36.450043, 10.008137 36.450423, 10.008438 36.450820, 10.008738 36.450802, 10.015261 36.448576, 10.009682 36.443156, 10.003760 36.444830, 10.003695 36.445538, 10.003846 36.446073, 10.004146 36.446090, 10.004532 36.445918, 10.005026 36.445590, 10.005970 36.444658))",Arbequina,2018,47520,1188,5.0,1.75,2018-09-01,30.00,Bloc H1
Bloc H2,olivier,,polygon,24.00,,"POLYGON((10.009489 36.442932, 10.003545 36.444675, 10.003395 36.444157, 10.003116 36.443674, 10.002923 36.443070, 10.002923 36.442811, 10.002751 36.442569, 10.002816 36.442276, 10.002923 36.441965, 10.002987 36.441723, 10.002859 36.441430, 10.002751 36.441223, 10.002837 36.440877, 10.002880 36.440705, 10.002601 36.437114, 10.002558 36.436855, 10.002601 36.436717, 10.002751 36.436631, 10.002837 36.436614, 10.009489 36.442932))",Arbequina,2018,28480,1187,5.0,1.75,2018-09-01,30.00,Bloc H2
Bloc H3,olivier,,polygon,8.30,,"POLYGON((10.003095 36.436648, 10.003438 36.436544, 10.004168 36.436406, 10.015883 36.448317, 10.015626 36.448421, 10.003095 36.436648))",Arbequina,2018,4625,557,5.0,3.0,2018-09-01,11.00,Bloc H3
Bloc D,olivier,,polygon,80.00,,"POLYGON((9.990692 36.466438, 9.989759 36.467077, 9.989855 36.467267, 9.990038 36.467198, 9.990059 36.467430, 9.990381 36.467612, 9.990714 36.467629, 9.991175 36.467569, 9.991454 36.467620, 9.991668 36.467663, 9.991862 36.467819, 9.992023 36.467853, 9.992216 36.467776, 9.992462 36.467681, 9.992731 36.467560, 9.992870 36.467517, 9.992892 36.467724, 9.992688 36.467914, 9.992570 36.468026, 9.992398 36.468138, 9.992355 36.468293, 9.992441 36.468466, 9.992656 36.468621, 9.992849 36.468699, 9.992988 36.468785, 9.993052 36.468880, 9.992881 36.468923, 9.992752 36.468914, 9.992645 36.468958, 9.992591 36.469130, 9.992473 36.469294, 9.992484 36.469527, 9.992677 36.469587, 9.992784 36.469579, 9.992881 36.469656, 9.992741 36.469760, 9.992623 36.469829, 9.992559 36.469958, 9.992634 36.470200, 9.992591 36.470252, 9.992452 36.470252, 9.992355 36.470260, 9.992248 36.470191, 9.992012 36.470053, 9.991819 36.469993, 9.991636 36.470002, 9.991325 36.470053, 9.990917 36.470079, 9.990574 36.470131, 9.990252 36.470105, 9.989973 36.470053, 9.989598 36.469915, 9.989673 36.470114, 9.989812 36.470295, 9.989995 36.470468, 9.990209 36.470631, 9.990402 36.470769, 9.990563 36.470795, 9.990832 36.470675, 9.990885 36.470778, 9.990810 36.470916, 9.990789 36.471132, 9.990885 36.471330, 9.991003 36.471477, 9.991153 36.471546, 9.991325 36.471486, 9.991465 36.471417, 9.991604 36.471330, 9.991744 36.471348, 9.991980 36.471304, 9.992162 36.471227, 9.992291 36.471244, 9.992484 36.471408, 9.992537 36.471615, 9.992441 36.471788, 9.992248 36.471926, 9.992098 36.472038, 9.992065 36.472271, 9.992173 36.472452, 9.992334 36.472616, 9.992355 36.472892, 9.992269 36.473133, 9.992269 36.473427, 9.992441 36.473608, 9.992634 36.473634, 9.992913 36.473573, 9.993063 36.473599, 9.993364 36.473651, 9.993664 36.473642, 9.993868 36.473625, 9.994082 36.473539, 9.994104 36.473401, 9.994029 36.473297, 9.993943 36.473185, 9.993857 36.473125, 9.993868 36.472995, 9.993900 36.472892, 9.993922 36.472762, 9.993975 36.472599, 9.994029 36.472486, 9.994072 36.472366, 9.994158 36.472305, 9.994217 36.472288, 9.994361 36.472262, 9.994426 36.472262, 9.994458 36.472348, 9.994404 36.472486, 9.994335 36.472611, 9.994302 36.472758, 9.994313 36.472892, 9.994361 36.472995, 9.994447 36.473060, 9.994533 36.473095, 9.994640 36.473120, 9.994732 36.473142, 9.994801 36.473177, 9.994855 36.473233, 9.994984 36.473319, 9.995091 36.473392, 9.995188 36.473479, 9.995273 36.473556, 9.995311 36.473647, 9.995381 36.473699, 9.995413 36.473750, 9.995466 36.473772, 9.995525 36.473793, 9.995617 36.473802, 9.995697 36.473832, 9.995799 36.473841, 9.995928 36.473806, 9.996035 36.473759, 9.996196 36.473694, 9.996293 36.473634, 9.996368 36.473543, 9.996416 36.473457, 9.996400 36.473366, 9.996373 36.473276, 9.996368 36.473185, 9.996437 36.473151, 9.996518 36.473103, 9.996641 36.473034, 9.996722 36.472948, 9.996775 36.472862, 9.996856 36.472762, 9.996942 36.472676, 9.996995 36.472603, 9.997022 36.472542, 9.997076 36.472478, 9.997140 36.472422, 9.997188 36.472374, 9.997205 36.472340, 9.997213 36.472292, 9.997215 36.472271, 9.997226 36.472238, 9.997234 36.472208, 9.997253 36.472165, 9.997266 36.472128, 9.997293 36.472098, 9.997320 36.472068, 9.997379 36.472033, 9.997419 36.472029, 9.997473 36.472005, 9.997419 36.472081, 9.997355 36.472130, 9.997301 36.472169, 9.997258 36.472234, 9.997239 36.472316, 9.997226 36.472372, 9.997167 36.472448, 9.997127 36.472499, 9.997121 36.472570, 9.997116 36.472650, 9.997119 36.472797, 9.997116 36.472987, 9.997127 36.473133, 9.997140 36.473205, 9.997124 36.473306, 9.997162 36.473356, 9.997213 36.473386, 9.997256 36.473379, 9.997315 36.473351, 9.997390 36.473315, 9.997475 36.473271, 9.997532 36.473243, 9.997883 36.473080, 9.997998 36.473019, 9.998057 36.473004, 9.998103 36.473004, 9.998151 36.473013, 9.998194 36.473021, 9.998237 36.473030, 9.998272 36.473039, 9.998304 36.473051, 9.998224 36.473080, 9.998095 36.473125, 9.997811 36.473243, 9.997604 36.473330, 9.997408 36.473438, 9.997309 36.473558, 9.997237 36.473668, 9.997175 36.473724, 9.997011 36.473826, 9.996915 36.473929, 9.996821 36.474074, 9.996719 36.474218, 9.996641 36.474287, 9.996529 36.474389, 9.996397 36.474443, 9.996209 36.474494, 9.996032 36.474533, 9.995912 36.474594, 9.995788 36.474680, 9.995716 36.474755, 9.995654 36.474839, 9.995598 36.474956, 9.995598 36.475027, 9.995627 36.475070, 9.995676 36.475094, 9.995740 36.475113, 9.995804 36.475109, 9.995869 36.475105, 9.995922 36.475111, 9.995992 36.475116, 9.995906 36.475172, 9.995802 36.475245, 9.995676 36.475355, 9.995584 36.475422, 9.995432 36.475532, 9.995370 36.475607, 9.995354 36.475687, 9.995383 36.475748, 9.995429 36.475804, 9.995509 36.475851, 9.995603 36.475881, 9.995689 36.475877, 9.995751 36.475862, 9.995796 36.475842, 9.995898 36.475860, 9.995794 36.475847, 9.995807 36.475911, 9.995783 36.475972, 9.995783 36.476047, 9.995821 36.476093, 9.995866 36.476134, 9.995925 36.476159, 9.995984 36.476205, 9.996049 36.476224, 9.996091 36.476222, 9.996137 36.476216, 9.996183 36.476196, 9.996215 36.476166, 9.996258 36.476116, 9.996298 36.476049, 9.996333 36.475987, 9.996368 36.475939, 9.996429 36.475914, 9.996507 36.475907, 9.996558 36.475920, 9.996601 36.475946, 9.996641 36.475983, 9.996673 36.476026, 9.996604 36.476062, 9.996580 36.476114, 9.996563 36.476194, 9.996574 36.476267, 9.996625 36.476297, 9.996665 36.476323, 9.996660 36.476326, 9.996623 36.476310, 9.996574 36.476274, 9.996617 36.476373, 9.996647 36.476429, 9.996695 36.476479, 9.996749 36.476513, 9.996813 36.476548, 9.996896 36.476580, 9.996963 36.476597, 9.997028 36.476593, 9.997092 36.476567, 9.997146 36.476526, 9.997183 36.476468, 9.997202 36.476416, 9.997218 36.476366, 9.997239 36.476297, 9.997258 36.476244, 9.997274 36.476187, 9.997296 36.476157, 9.997323 36.476144, 9.997360 36.476134, 9.997422 36.476125, 9.997462 36.476101, 9.997398 36.476175, 9.997365 36.476216, 9.997379 36.476291, 9.997419 36.476341, 9.997449 36.476401, 9.997478 36.476466, 9.997451 36.476496, 9.997376 36.476528, 9.997298 36.476565, 9.997258 36.476595, 9.997298 36.476634, 9.997274 36.476716, 9.997247 36.476791, 9.997239 36.476863, 9.997285 36.476927, 9.997317 36.476960, 9.997341 36.477037, 9.997374 36.477091, 9.997451 36.477115, 9.997521 36.477126, 9.997615 36.477113, 9.997714 36.477089, 9.997784 36.477072, 9.997918 36.477007, 9.997982 36.476962, 9.998009 36.476942, 9.998031 36.476895, 9.998060 36.476847, 9.998189 36.476729, 9.998272 36.476651, 9.998428 36.476520, 9.998648 36.476354, 9.998841 36.476216, 9.998945 36.476125, 9.999031 36.476041, 9.999122 36.475967, 9.999152 36.475948, 9.999361 36.475765, 9.999619 36.475571, 9.999747 36.475424, 9.999865 36.475303, 9.999983 36.475204, 10.000058 36.475148, 10.000134 36.475251, 10.000278 36.475420, 10.000375 36.475579, 10.000471 36.475696, 10.000514 36.475825, 10.000482 36.475980, 10.000536 36.476123, 10.000708 36.476192, 10.000965 36.476213, 10.001190 36.476196, 10.001480 36.476131, 10.001673 36.475972, 10.001727 36.475860, 10.001727 36.475717, 10.001689 36.475571, 10.001678 36.475450, 10.001684 36.475342, 10.001737 36.475282, 10.001823 36.475251, 10.001941 36.475213, 10.002134 36.475079, 10.002167 36.475226, 10.002210 36.475411, 10.002290 36.475614, 10.002333 36.475769, 10.002397 36.475855, 10.002505 36.475877, 10.002644 36.475886, 10.002800 36.475838, 10.002998 36.475760, 10.003234 36.475657, 10.003454 36.475601, 10.003690 36.475575, 10.003953 36.475562, 10.004184 36.475523, 10.004489 36.475506, 10.004768 36.475493, 10.005004 36.475510, 10.005155 36.475523, 10.005262 36.475523, 10.005289 36.475489, 10.005257 36.475411, 10.005198 36.475312, 10.005149 36.475230, 10.005139 36.475126, 10.005133 36.475027, 10.005139 36.474924, 10.005155 36.474833, 10.005144 36.474742, 10.005080 36.474652, 10.004881 36.474604, 10.004661 36.474570, 10.004479 36.474471, 10.004361 36.474380, 10.004286 36.474290, 10.004173 36.474212, 10.004076 36.474195, 10.003958 36.474203, 10.003808 36.474251, 10.003803 36.474220, 10.003830 36.474186, 10.003937 36.474130, 10.004060 36.474044, 10.004114 36.473966, 10.004125 36.473897, 10.004092 36.473837, 10.004055 36.473798, 10.004082 36.473759, 10.004168 36.473798, 10.004259 36.473871, 10.004296 36.473996, 10.004323 36.474130, 10.004371 36.474225, 10.004473 36.474315, 10.004586 36.474402, 10.004731 36.474428, 10.004870 36.474436, 10.004908 36.474389, 10.004940 36.474337, 10.005015 36.474242, 10.005063 36.474195, 10.005080 36.474333, 10.005133 36.474428, 10.005224 36.474475, 10.005289 36.474479, 10.005375 36.474471, 10.005444 36.474440, 10.005503 36.474458, 10.005407 36.474557, 10.005428 36.474691, 10.005525 36.474807, 10.005605 36.474919, 10.005707 36.475040, 10.005772 36.475126, 10.005959 36.475420, 10.006056 36.475722, 10.006270 36.475972, 10.006453 36.475998, 10.006560 36.475946, 10.006603 36.475834, 10.006646 36.475730, 10.006635 36.475627, 10.006678 36.475497, 10.006785 36.475368, 10.006882 36.475230, 10.006936 36.475135, 10.006957 36.474988, 10.007032 36.474893, 10.007075 36.474799, 10.007172 36.474712, 10.007257 36.474617, 10.007290 36.474488, 10.007343 36.474410, 10.007451 36.474393, 10.007601 36.474367, 10.007633 36.474246, 10.007676 36.474117, 10.007654 36.473962, 10.007740 36.473763, 10.007815 36.473539, 10.007837 36.473358, 10.007794 36.473220, 10.007831 36.473353, 10.007885 36.473254, 10.007869 36.473177, 10.007783 36.473120, 10.004103 36.470157, 10.002644 36.471313, 9.998481 36.467940, 9.997011 36.469070, 9.992441 36.465455, 9.990950 36.466550, 9.990767 36.466430, 9.990692 36.466438))",Koroneiki,2018,80000,1000,5.0,2.0,2018-10-01,88.00,Bloc D
